{
  "linear_regression": {
    "rmse": 5519.851596381285,
    "mae": 3429.5769885935742,
    "r2": 0.9196505721237863
  },
  "random_forest": {
    "rmse": 3136.1865141720555,
    "mae": 1573.3926179941004,
    "r2": 0.9740622827687015
  }
}